,Whole_1_cross,Whole_2_cross,Whole_3_cross,Whole_4_cross,IT&Comm_1_cross,IT&Comm_2_cross,IT&Comm_3_cross,IT&Comm_4_cross,Health_1_cross,Health_2_cross,Health_3_cross,Health_4_cross,Con Dis_1_cross,Con Dis_2_cross,Con Dis_3_cross,Con Dis_4_cross,Fin&Estate_1_cross,Fin&Estate_2_cross,Fin&Estate_3_cross,Fin&Estate_4_cross,Ind_1_cross,Ind_2_cross,Ind_3_cross,Ind_4_cross,En&Util_1_cross,En&Util_2_cross,En&Util_3_cross,En&Util_4_cross,Materials_1_cross,Materials_2_cross,Materials_3_cross,Materials_4_cross,Con Stpl_1_cross,Con Stpl_2_cross,Con Stpl_3_cross,Con Stpl_4_cross,Whole_1_serial,Whole_2_serial,Whole_3_serial,Whole_4_serial,IT&Comm_1_serial,IT&Comm_2_serial,IT&Comm_3_serial,IT&Comm_4_serial,Health_1_serial,Health_2_serial,Health_3_serial,Health_4_serial,Con Dis_1_serial,Con Dis_2_serial,Con Dis_3_serial,Con Dis_4_serial,Fin&Estate_1_serial,Fin&Estate_2_serial,Fin&Estate_3_serial,Fin&Estate_4_serial,Ind_1_serial,Ind_2_serial,Ind_3_serial,Ind_4_serial,En&Util_1_serial,En&Util_2_serial,En&Util_3_serial,En&Util_4_serial,Materials_1_serial,Materials_2_serial,Materials_3_serial,Materials_4_serial,Con Stpl_1_serial,Con Stpl_2_serial,Con Stpl_3_serial,Con Stpl_4_serial
Whole_1_cross,-0.002242838,-0.0002671539,-0.0019292685,0.001851916,0.0005411073,-7.15996e-05,-0.00020613054,-0.00020998668,0.0005391818,-0.001158063,-0.0011316478,0.00090966036,-0.0025605878,0.0033666284,-0.0013106315,0.00050895324,-0.0014621174,0.0009442445,0.00013042623,0.0014404396,0.00015337096,0.0033203503,0.00056323264,-0.00073609425,0.00052560266,0.00096189516,-0.000512887,-4.835233e-05,0.002219172,-0.0026523673,0.0013438981,0.0007779965,0.000719134,0.0012220537,-0.0020228112,0.002801941,3.8534974e-05,-0.0004926459,-0.0006218757,-0.0009843806,0.00090755743,-0.0015505508,-0.000661544,-0.0009140809,-0.00033929173,-0.003623941,7.888684e-06,0.0013632746,-0.0032267796,0.0038589607,-0.0018737005,-0.00041308044,-0.002515859,0.0021495766,-0.00042212819,0.0022770949,-0.00095889583,0.0034595935,-1.0520385e-05,-0.0017938458,0.0006810315,-0.00034336306,-0.0004776356,0.00095734396,0.002804276,-0.0037002494,0.0015814115,0.0016049477,0.00020769905,0.0012846892,-0.003187909,0.0026423184
Whole_2_cross,0.0006379979,0.0011020246,-0.003664239,-0.0017066735,-9.6140764e-05,0.00054670783,-0.0006833717,0.0009188966,-0.00036761686,1.0547326e-05,-0.00031621451,-0.0012723595,0.0004137776,0.00050561177,9.115556e-05,-0.0016700708,0.0013680705,-0.0015629586,0.00046791963,-0.0014711272,3.12777e-05,-4.3318778e-05,-0.0018744159,0.0010126726,0.00029469017,-0.0013818481,-0.0003903857,-0.0016924444,0.00040776303,-5.7882877e-05,-0.00078486116,-0.00017215092,-0.0018473915,0.001838673,-0.0014661364,-0.002018677,0.0007689823,0.0007481626,-0.0013807487,-0.0001067426,0.00070432306,0.0017659541,1.0025849e-06,0.0005374365,0.00012976037,-0.00022244398,0.0002845044,-0.0017982618,-3.690366e-05,0.0013621211,-0.00028023595,-0.00095621543,0.0018329144,-0.00017877598,-5.39444e-05,-0.0022998566,0.000488707,0.001164612,-0.0010522763,0.0004544464,0.002278083,-0.0011213956,0.0020417762,-0.0010753289,0.00227777,0.001872618,-0.0008568252,0.0010285744,-0.0020941326,0.0035689159,-0.0015241422,-0.0027467737
Whole_3_cross,0.00021629821,0.0023246955,-0.0033574922,0.0011862445,-0.0019318883,0.0013135338,-0.0014684646,-0.00024047893,-0.0005252589,0.0015588807,-0.0017852649,-0.000562233,0.00017888416,0.000668574,-0.0011736926,-0.0012532824,0.0014501117,-0.00092087715,0.0008196559,-0.00079979387,-0.00023996929,-0.0012409502,0.00015565878,0.0002668751,0.00025040613,-0.0017720449,0.0013457411,-0.00022849429,-0.00019465132,0.00061935047,-1.0651745e-06,0.00037843167,-0.0006105427,4.9197544e-05,0.00029598907,-0.0012485503,0.00042353498,0.0011487615,-0.0009808355,0.0007925799,-0.001782429,0.0015176974,-0.0014616988,-0.00048980745,-0.00034476543,0.0016482795,-0.0010603343,-0.00012581577,-0.00040819947,0.00065747625,-0.0015485197,-0.0015084678,0.0009996541,-0.00030939927,9.685492e-06,-0.00023261756,0.0005657664,-0.000319335,0.00045552538,8.759257e-05,-0.00016579409,-0.0024968574,0.0025443707,-0.00026915802,0.0010834289,0.0016412997,0.0005284029,0.0007716258,-0.00081629003,0.000512048,0.00042473065,-0.0018484198
Whole_4_cross,-0.001482014,-0.0016068941,0.0026453973,-0.0004326418,0.0012824794,-0.0005381178,0.00088756223,7.011793e-05,0.00069201994,-0.0014944461,0.0013909418,0.00082754943,-0.00090245926,0.00032284745,0.0008397817,0.0019400619,-0.0018355803,0.0029080359,-0.0006518965,0.0015483246,0.00025765444,0.0010568752,0.00061704544,-0.00045760666,-0.0007145199,0.003165406,-0.0015791274,0.00039938302,0.0010067752,-0.0014016945,0.0011734894,8.2278806e-05,0.0015964243,-0.00025063186,9.089756e-05,0.0026043982,-0.0016007675,-0.0011724945,-0.00010365654,-0.0016053726,0.00079137844,-0.00153393,0.00066626485,5.734192e-05,0.00013958411,-0.00261602,0.001748982,0.00042293427,-0.0006084876,0.0011058364,0.001404259,0.0010198525,-0.0021479705,0.0029728492,4.5071167e-05,0.0006544416,-0.00052145007,-7.146811e-05,3.2294694e-05,-0.0002809144,-0.0007247609,0.0037190602,-0.00404821,0.00024454595,-0.00050387444,-0.003066053,0.0003804392,-0.0009763798,0.0015965672,-0.0010134042,-0.0003175448,0.00321457
IT&Comm_1_cross,2.1169122e-05,-0.0009992487,0.0013526473,0.0006821071,0.00011697255,-8.68053e-05,0.00022968517,-0.00020006666,4.9052796e-05,-0.00016697985,0.0006455332,0.00021213609,-9.442194e-05,-0.00030649273,0.0002289836,0.00052530866,-0.0007004585,0.0006360271,-0.0002080156,0.00055426994,0.00011804851,0.00021190601,0.00040023756,-0.00030799545,-0.00027147768,0.00048643156,-1.19823735e-05,0.00042606352,-3.4863275e-05,-6.7632245e-05,0.00037614803,-8.930075e-05,0.00039394893,-0.00044969874,0.0005482796,0.0005165938,-0.00018132642,-0.00065465114,0.00037455003,-0.00053504104,-7.397843e-05,-0.00048711855,-5.309852e-05,-6.443134e-05,-9.445623e-05,-0.00037645872,0.0005916543,0.00028271618,4.6711924e-05,-0.0005119671,0.0005324135,0.00028645238,-0.00065773487,0.00025705562,-0.00016414112,0.0006747548,-0.0002693639,9.7447686e-05,7.357175e-05,-9.167843e-05,-0.0004957584,0.00024717674,-0.00073445187,6.0579336e-05,-0.00090970396,-0.00046975535,0.00036630745,-0.00020502022,0.0004691765,-0.00078334694,0.0005503941,0.0008222997
IT&Comm_2_cross,0.0049086194,0.0003004097,0.0055749896,0.0018846398,-3.606634e-05,-0.0022524544,-0.00056838425,-0.00015121876,-0.0010852447,-0.0015339728,-0.0005165008,-0.00022084918,0.00020860235,-0.0030713785,6.812738e-05,-0.0016158065,0.00013431461,-0.0041190274,-0.0017463202,-0.0008292503,-0.0007051833,-0.0017699973,-0.00037043364,-0.0004984235,-1.2912753e-05,-0.0027224717,-0.00044568442,-0.00029182236,-0.0015065084,-0.00081992924,-0.0015326695,-0.00041109565,-0.0012547352,-0.0014809679,-0.00050228863,-0.002305626,0.0031471236,-0.0013519076,0.003911878,0.0046955287,-0.00021946033,-0.0006310213,0.0010172863,0.001113448,0.00053484295,0.0025584754,-0.0013370884,-0.00045480247,0.0009333453,-0.0022887066,0.0013899738,0.0010796634,0.0011609914,-0.004332865,-0.00011827315,-0.0020189886,0.00058327336,-0.0011073265,0.0009879323,0.0012284389,0.0020846596,-0.0012265668,0.0014754485,0.00053838256,-0.00048171356,0.0013021101,-0.0009410618,0.00069938874,0.00064093166,-0.0012458714,0.0019555225,-0.0019154744
IT&Comm_3_cross,-0.006620458,-0.0010246458,-0.0051299976,-0.0008067134,0.0010646036,0.0012364195,0.0015400716,-0.00020819482,0.0014178641,0.0008549846,0.00074859743,0.0013182764,-0.002046906,0.0047025196,-0.00080083706,0.0024989864,-0.0019839497,0.005396299,0.0016616599,0.0024229193,0.00094454066,0.004365355,0.0009717879,-0.00033368732,0.00042779415,0.0037588088,-0.00019329385,0.000805774,0.002724513,-0.0008211875,0.002392173,0.000640458,0.0021184438,0.0018395042,-0.00079917157,0.004733037,-0.0032347753,0.0013589032,-0.0038299556,-0.0053935223,0.0013079982,-0.0012905389,-0.0005784157,-0.001961959,-0.00069472304,-0.0047719735,0.0009220526,0.0018368856,-0.0032672398,0.0040785936,-0.0028386277,-0.0006389755,-0.0034648948,0.0055783875,0.00033988795,0.003724571,-0.0013474483,0.00349723,-0.0007445619,-0.0027143566,-0.0019774486,0.002167741,-0.0024391722,0.0008304186,0.0017023827,-0.003910168,0.0010868922,-0.00055671687,0.00015197169,0.0011080977,-0.00415785,0.0050849533
IT&Comm_4_cross,0.002589859,-0.00041072245,0.004623921,0.0025077441,0.0009190442,-0.0027663715,0.0005986461,-0.00061915646,-0.00044411575,-0.0013816576,-0.00055947667,0.0008954225,-0.0010929754,-0.0010254133,-0.0008466181,-0.00071397144,-0.0011807481,-0.0031994407,-0.0012656387,0.00042900443,-0.00038650646,0.0011676361,0.00028770659,-0.0011438907,0.0008387077,-0.0021435209,-3.7860616e-05,0.0005381502,-0.00070995605,-0.0012125488,-0.0011413347,-0.00023719332,-0.0004141466,-0.0009087505,-0.0014029916,-0.00011040659,0.0029023779,-0.0007865357,0.0038287372,0.0037496933,0.0008680193,-0.0022967656,0.0011410717,2.3802364e-05,0.00031739144,0.00090915523,-0.0023189883,0.0013638991,-0.000894604,-0.0012904976,-0.0008229007,0.0013501154,-0.00075657794,-0.004108929,1.3679576e-05,0.0007063302,-0.00038782324,0.0014441509,0.0008603547,-0.0005606376,0.0015647205,-0.0016775592,0.0016227918,0.0018526348,-2.5011426e-05,-0.00072385994,-0.00084375404,0.0007699126,0.0008340211,-0.0013305617,-0.0003692195,0.0007197525
Health_1_cross,0.005075823,-0.0015991603,0.004783142,0.00017067668,-0.000503764,-0.0013934589,-0.00044173276,7.372246e-05,-0.0015690954,-0.00042063862,-2.1638498e-05,-0.0009823823,0.0021043997,-0.0048252414,0.0012814944,-0.0018723262,0.0017695195,-0.0045649535,-0.0015205457,-0.0020066397,-0.00076288095,-0.003945291,-0.0006536699,0.00018688577,-0.00046496248,-0.0029870046,-0.00035822298,-0.00038046518,-0.0022172588,0.00055422535,-0.0010237701,-0.00027558437,-0.002025939,-0.001974429,0.00066133816,-0.003954648,0.0027766328,-0.0015490777,0.0028909869,0.002715506,0.000103978506,0.0009838472,0.0013879609,0.0017855236,8.534204e-05,0.0042341235,-0.00093207776,-0.0017841789,0.0040255617,-0.0051079947,0.0033738567,0.0007872325,0.0039894595,-0.0049756803,-0.00037099322,-0.003137355,0.0010970881,-0.0037264782,0.0008316691,0.0023997913,0.0009972667,-0.0007946558,0.0012553722,-0.00040319463,-0.0012638842,0.003969358,0.00063028606,0.0010582138,9.911278e-05,-0.0016839853,0.003730491,-0.0044280696
Health_2_cross,-0.0015958411,0.003060161,-0.003743098,-0.000549917,-0.0012135847,0.0017068086,2.1107508e-05,-0.00033768485,0.0005431624,0.0028701932,5.5772944e-06,-0.0001613443,0.00092861475,0.0011146045,-0.00093118777,0.00019968553,0.0006218043,0.0015515946,0.0017913231,-0.0001409956,0.00038745915,-8.1659e-05,0.00028379116,0.00047666955,0.0005083302,-0.00045240225,0.0025624193,0.0007456489,-0.0010481292,0.0033028477,-0.0011518503,-0.0005663167,0.0005803439,0.00029948654,0.0018070079,-0.0003695021,-0.0015129386,0.0027728372,-0.0014739559,-1.549474e-05,-0.0021457064,0.0011495188,-0.001487856,-0.0012242765,9.713605e-05,0.0017193248,-0.0007505243,0.00086459715,-0.0005911566,-6.3143954e-05,-0.002892418,-0.0009585308,-0.00055162545,0.0001519307,0.0007457208,0.0013406281,6.9998554e-05,0.00030725522,-0.0004466155,-0.0006565146,-0.001753102,-0.0021570206,0.002342099,-0.00030768148,-0.0019875646,0.001640276,-0.002378112,-0.002155508,-0.00096209807,1.2267811e-05,0.00024929733,0.00011033375
Health_3_cross,0.0025043567,-0.00013143402,0.0028955697,0.0028860832,-0.00054974674,-0.0008753332,-0.00044926564,-0.00051809894,-0.0007161729,-0.0003110436,2.6914318e-05,9.256147e-06,-0.00036609572,-0.0012142912,-0.0004916702,-0.0007506484,-0.00073311955,-0.0016206834,-0.00068672484,0.00027868044,-0.00016489674,-0.00027988848,0.0003229613,-0.0007106526,-4.7380952e-05,-0.0017760964,0.0004656742,0.00035022714,-0.0007096455,-0.00040313715,-0.00036360798,-0.00030375255,-0.00047705712,-0.0010135177,0.0002432275,-0.00081631116,0.0018192478,-0.0009019312,0.0021159754,0.0019859707,-0.00082634034,-0.00062178564,-0.0002631501,-2.1798032e-05,-2.5941177e-05,0.0010474316,-0.00043007114,0.00035554913,-0.0004737952,-0.0010939676,2.5491525e-05,0.00022590476,-0.0004428297,-0.0020498608,-0.00023505463,0.00019137518,-4.5654648e-05,0.00070307,0.00064888666,7.6731194e-05,0.00070733554,-0.0019730295,0.0014552105,0.0004679301,-0.0007513882,0.000555297,-0.00017323211,0.00048268263,0.0003781037,-0.0010012973,0.0012180307,-0.00016755385
Health_4_cross,0.006994847,-0.0011994482,0.008205469,0.0016708161,-0.0005349895,-0.0026004747,-0.0009272838,-0.000307057,-0.0017213029,-0.0015610725,-0.0013740426,-0.0004477576,0.001770897,-0.005794301,0.00092922756,-0.0021601494,0.0018268777,-0.0066143647,-0.0025985518,-0.0021317156,-0.00135792,-0.0047023883,-9.410142e-06,-0.0003956054,-0.0003310213,-0.0038217779,-0.0003962982,-6.518451e-05,-0.0028415178,-0.00026483744,-0.0015656818,-1.9446343e-05,-0.0018144372,-0.003189479,0.00044959542,-0.0040576463,0.0041351556,-0.002519216,0.0054426487,0.0058052214,-0.00023635385,-5.50425e-05,0.0016881851,0.0022012694,0.00038001002,0.0054070973,-0.0022553406,-0.0010637564,0.0043711504,-0.00597373,0.003844093,0.0015632004,0.003996046,-0.007197582,-0.00057193154,-0.0030430942,0.001214076,-0.00495593,0.0018339383,0.0027616823,0.0013103283,-0.0012427057,0.001292807,0.0003838938,-0.0015736402,0.0031166067,0.0010410622,0.001586013,0.0012292354,-0.003455506,0.004799107,-0.0046426835
Con Dis_1_cross,-0.004117511,0.0037326352,-0.008637524,0.0005045559,-0.0013202718,0.0023315633,-0.0010149563,-6.414225e-05,0.0005884891,0.001923036,-0.0018818787,2.1572903e-05,-0.0017012607,0.005010335,-0.0023460959,-0.00023461704,0.0002593129,0.0023281004,0.0022445146,0.000549716,0.0004178359,0.0024049273,0.000120799225,0.0003198727,0.00089900114,0.0002233882,0.0013310522,-0.00040589937,0.0019832079,-0.00016542444,0.00079071504,0.0006420786,0.000436505,0.0023639426,-0.0011562298,0.00164173,-0.0014840012,0.002835354,-0.0038952117,-0.0017036406,-0.0012001505,0.0009933871,-0.0023154856,-0.0019420674,-0.00047092972,-0.0021057646,-0.000574623,0.0009388616,-0.0040284228,0.0054418743,-0.004766594,-0.0024084866,-0.0017713545,0.003732086,0.00040597454,0.001743572,-0.00025349826,0.0034919158,-0.00047385818,-0.0020115206,-0.00017360417,-0.0019889965,0.0021748538,7.998657e-05,0.0033904747,-0.0011943824,-0.00014974843,0.0004128398,-0.0015152402,0.0030849297,-0.0036930838,0.0012825682
Con Dis_2_cross,-0.0035449422,-0.0001608107,-0.0033741195,-0.0017186698,8.3145875e-05,0.0015944635,0.0003323885,0.00018620543,0.00086559815,0.00078241405,0.00031870775,0.00021992628,-8.086562e-05,0.0019654038,0.00021762456,0.0014253802,-2.0528505e-05,0.003295714,0.0010309932,0.00059293344,0.00041151492,0.0007806622,0.00038284744,0.00040009883,-0.00022937359,0.0025576167,-5.8189522e-05,0.00017331641,0.0011191646,0.00037791213,0.0012475327,0.00040284693,0.0011946054,0.00082894135,0.00050756766,0.0018711222,-0.002619474,0.0007527349,-0.0027966679,-0.0032798534,8.324985e-05,0.0004298644,-0.0005812786,-0.0005816798,-0.00028950858,-0.0018775882,0.0011937466,0.00019256062,-0.00035109546,0.0017133765,-0.00038886076,-0.0005960481,-0.00080233405,0.003613173,0.00011728102,0.0010938849,-0.00028134274,-8.2639905e-05,-0.0005474205,-0.0005835461,-0.0017039832,0.0018772968,-0.0020102686,-0.00047730395,0.00027265179,-0.0013235565,0.00084308104,-0.00071560533,-4.2403095e-05,0.0005004794,-0.0010333409,0.0015031513
Con Dis_3_cross,-0.0030764942,0.0033502136,-0.0062187654,-0.00033466908,-0.0013452163,0.0023345686,-3.082421e-06,-0.000117773925,0.00042820405,0.0031260606,0.00086730067,-0.0004104249,-6.29093e-05,0.002592237,-0.0012175329,0.00031876715,-0.00029625,0.0037060247,0.002386539,0.00067243417,0.0008499439,0.0011019845,-7.6580276e-05,0.0005318705,0.00025967837,0.00042201323,0.0019208783,0.00026065408,0.00030451445,0.0023497366,-9.441299e-05,-0.00058491656,0.0005566721,0.0014055903,0.0011684622,0.00048995233,-0.0023012757,0.0033124788,-0.003575357,-0.0021601864,-0.0021218082,0.0014653404,-0.0019498642,-0.00184192,-0.00019946697,-0.0003506966,0.00053785765,0.00041707364,-0.0026415973,0.002571858,-0.0037473487,-0.0017899092,-0.0017556662,0.003288204,0.000986747,0.001074731,-4.5052144e-05,0.0024242282,-0.00082625914,-0.0013042799,-0.0012343578,-0.0013400686,0.001933072,-0.00055353803,-0.00028410525,0.0011220092,-0.0026072352,-0.0021835864,-0.0014160778,0.0017900773,-0.0013499461,0.0014519658
Con Dis_4_cross,0.0025451956,0.00065965386,0.0020873223,0.0006993089,-0.000696767,0.00022392858,-0.00085971947,4.234108e-05,-0.00021509372,-0.00015199656,0.00025972622,-0.00064150983,0.0009995424,-0.001641174,0.00042249405,-0.0005478698,0.00038498046,-0.001154417,-0.00043623158,-0.00066205324,-0.00015234468,-0.0015527316,-0.00022336422,0.00016183328,-0.00044433842,-0.0010154954,0.000683285,-8.738476e-05,-0.0012794834,0.0010459076,-0.0011406537,-0.00057086954,-0.00039985607,-0.00074024615,0.0013262964,-0.00167311,0.0006296094,-0.0007390776,0.0014341011,0.0018312766,-0.0013852341,0.000645727,-0.0005689078,0.0006335911,0.00038598882,0.001519497,0.00067919254,-0.00057062565,0.0011034517,-0.0014979929,0.0012000845,0.00013994884,0.00050313666,-0.0015804605,-0.00030370904,-0.00076163333,0.00030419938,-0.0010197978,-8.313073e-05,0.0010195606,0.00029099654,-0.0014267553,0.0008543757,-0.0008710641,-0.0020935696,0.0013152972,-0.00089951063,-0.0004907951,-0.00014638355,-0.00049889093,0.002257019,-0.0015862052
Fin&Estate_1_cross,0.0016399638,-0.00012385151,-0.000886315,-0.0013184942,-0.0007463775,0.0010637722,-0.001095246,0.0006162238,-0.00036451386,9.661376e-05,-0.00023766946,-0.0012747692,0.0016530822,-0.0013625321,0.0009881142,-0.0010221446,0.0018993021,-0.0015156997,-6.621282e-05,-0.0017111712,-0.00022667015,-0.0022301015,-0.0009406403,0.000936711,-0.00049177004,-0.00086824305,7.358856e-05,-0.00095047674,-0.0006680414,0.0009019289,-0.00048334038,-5.394913e-05,-0.0012050533,0.00011134645,0.0006974309,-0.0023952597,0.000266989,-0.0006029974,-0.00038929228,-3.0679974e-05,-0.0003747258,0.0020162323,-0.00031589338,0.001128397,5.6482964e-05,0.0012774677,0.00095729,-0.0018327436,0.002406071,-0.0013006639,0.002033303,-0.0005346806,0.0025980147,-0.00086229475,-0.00054772117,-0.0019762113,0.00066958054,-0.001959975,-0.0005240266,0.0015445024,0.00047149535,-0.00073859125,0.0006284505,-0.0016243092,-0.00036004034,0.002299466,0.0006392916,0.0006618857,-0.0010814645,0.0009823221,0.0016485414,-0.0035207013
Fin&Estate_2_cross,0.0016118683,-0.00072225975,0.0018657757,-0.0006098479,0.00091628823,-0.00071635883,0.00022952049,0.0002972083,0.00027280606,-0.0010414488,0.00034219382,-0.00018052162,0.0005704755,-0.0008166264,0.0005833805,-0.0002960038,6.6244895e-05,-0.0018544478,-0.00055812305,-0.0006072061,-5.670004e-05,0.00044348044,-0.0007026512,0.00014140837,0.00024315182,-0.00071842683,7.7854434e-05,-0.00024357616,-0.0007298448,0.00046513323,-0.0014157075,-0.0005097124,-0.00055744586,0.00020645552,-0.00020955758,-0.00090595556,0.0009802534,-0.0008552982,0.0017449984,0.0013499344,0.0008345166,-0.0003529456,0.0005260675,0.0007543766,0.0005041049,0.00014584603,0.00012100728,-0.00018393947,0.0009949226,-0.0013015728,0.00085510383,0.00081939704,0.0004503801,-0.002402758,-0.00040564206,-9.303538e-05,-0.00026610715,0.00038965952,-0.00071137195,0.00032942614,0.0010552582,-0.001086164,0.00067353336,-0.00030258537,-0.0012336308,0.00020719985,-0.00090557366,0.00010080439,-0.0004995998,0.0004575786,0.00014979031,-0.0010454245
Fin&Estate_3_cross,-0.002727697,0.0015069351,-0.0015391111,-0.0003819058,0.0012718984,-0.00017138926,0.00061005325,0.00026490728,0.00114001,-0.0010485358,0.000600803,0.0007750461,-0.002116553,0.0031873982,-0.00070503,0.0012694362,-0.0021115826,0.003074378,0.00042123132,0.0016945533,0.0005457551,0.0034369244,-0.00012584554,-0.00025145945,0.00028912336,0.002414249,-0.00085368525,-0.00021666328,0.0018175569,-0.0014485343,0.00016504877,-0.00015738176,0.0013290751,0.0017324005,-0.0014779529,0.0029981607,-0.0014964114,0.00080799166,-0.0012002288,-0.0007661426,0.00058036455,-0.0014468619,-0.00018454395,-0.0009200566,0.00042731958,-0.0038903512,0.0009726974,0.00100047,-0.003731443,0.004594682,-0.0021189097,0.00012313364,-0.0036084398,0.003679839,0.00051537674,0.0011959464,-0.0007841638,0.0034929495,-0.00071996526,-0.0016537237,0.00076134305,0.0017253081,-0.0015360677,0.00049792544,0.0014254634,-0.0037032566,-0.0019134912,-0.0011195977,0.0002038059,0.0018452607,-0.0034276783,0.00392682
Fin&Estate_4_cross,-0.0015315752,0.0005928556,-0.0024436002,-0.00038682562,-6.644009e-05,0.00010226635,9.601862e-05,2.6795398e-05,-0.000105768966,0.00041389998,-0.0007132218,0.00017737101,-0.0006961414,0.0012368297,-0.0005979391,-0.00014463926,0.0002298143,0.0005121707,0.00046310088,0.0001253123,-6.2439444e-06,0.0004940502,-6.886788e-07,5.173297e-05,0.00032375637,0.00020556348,-0.00040470535,-0.0002503647,0.00091690366,-0.00078887603,0.00074601074,0.000497146,-2.695077e-05,0.00062386325,-0.0010843578,0.00064431556,-0.00027605673,0.00097817,-0.0014014186,-0.000814356,0.00046462502,0.00012292925,0.00013119885,-0.0004764707,-0.00029124235,-0.0005637368,-0.00076720223,8.059745e-05,-0.0010033005,0.0015811839,-0.0012103799,-0.00055548083,6.747817e-05,0.0012598227,0.00034891866,-0.00016698685,0.00013080047,0.0004826912,0.0002392897,-0.0005262758,9.049445e-05,0.0007065494,2.8157543e-05,0.00048650734,0.0022062785,-0.00035180477,0.0004989181,0.0005137096,-0.00013173882,0.0007566169,-0.0015589955,0.000449889
Ind_1_cross,0.004815191,-0.0011400703,0.008203904,0.0055002454,-0.00054914184,-0.002568676,-0.0007505199,-0.0011814395,-0.0012113019,-0.0017891093,-0.0009266626,0.00080200005,-0.0009968197,-0.0028900472,-0.00066164095,-0.00078259816,-0.0013163323,-0.003522727,-0.0022596186,0.00069262594,-0.0007958918,-0.001205052,0.0014617487,-0.0017681757,-0.00023741754,-0.0024292995,-8.583957e-06,0.0010314462,-0.001231972,-0.0019711962,-0.00010250341,9.516276e-05,-0.00010822731,-0.0029824572,0.00020338257,-0.00052313897,0.0034960667,-0.0027749971,0.005224327,0.004653555,-0.001007289,-0.0022501599,0.00030629477,0.0004241835,1.378911e-06,0.0020883656,-0.0015279171,0.0012146707,9.948233e-06,-0.0026527045,0.0013171325,0.0013041914,-0.000687698,-0.0042068865,-0.0006013753,0.0005174051,-3.409359e-05,-0.00078175793,0.0021638365,0.00049021427,0.0007284936,-0.0018261581,0.0006317882,0.0016143629,-0.0012173008,-0.0006304646,0.001280246,0.0013717376,0.0022607797,-0.003864308,0.0029400093,0.00026252805
Ind_2_cross,0.004326462,-0.0031464861,0.0053484594,0.0011744695,0.00040538935,-0.0018687142,-0.00067080284,6.158785e-05,-0.0010504533,-0.0023844263,-0.0011186871,-0.00025310277,0.00059896475,-0.003204217,0.0010131879,-0.0013844918,0.0010261844,-0.0050141336,-0.0021817938,-0.0013528564,-0.0009175153,-0.0019664245,-0.00023000129,-0.0003613962,-0.00024849136,-0.0020997715,-0.0012101261,-0.0004952228,-0.0008071844,-0.0017843866,-0.00013505877,0.00047534893,-0.0015476046,-0.0014945297,-0.0008433871,-0.0020770025,0.0032297461,-0.00326025,0.003588245,0.002469305,0.0014609395,-0.00047157725,0.0013931788,0.001911742,-2.7117489e-05,0.001586648,-0.0007143236,-0.0009870072,0.0030949921,-0.0034067398,0.0036866122,0.0011309338,0.002879011,-0.00450324,-0.0012111,-0.0016002165,0.00032987175,-0.0023618797,0.00082806236,0.0016739905,0.001621659,-0.0006607658,-1.623269e-05,0.00012625454,0.00029233235,0.0007856364,0.0028435676,0.0028693473,0.0006119104,-0.0013359577,0.002128651,-0.0032622393
Ind_3_cross,0.0031578857,-0.00083522726,0.0036318982,-0.00024537987,-0.00033937304,-0.00067403656,-0.0007062019,0.00025618967,-0.00083490985,-0.0009798899,-0.00016442312,-0.0006452402,0.0012369794,-0.0030939162,0.0011924605,-0.00082265394,0.0011662786,-0.002195829,-0.0013073665,-0.0012248824,-0.00060378195,-0.0031102882,-0.0003123396,0.00021509718,-0.00077373075,-0.0008179734,-0.0009293007,-0.0005013179,-0.0010531051,-0.00030799906,-0.00025798153,4.553214e-05,-0.0008559164,-0.0013867314,0.00053477165,-0.002073647,0.0011485772,-0.0015420106,0.001618186,0.0016777053,-0.00016112525,0.0007059174,0.0008294757,0.0014935045,0.00018524431,0.002091032,0.00021204374,-0.0014909259,0.0027288431,-0.0024802657,0.0031678474,0.0005785283,0.0023712004,-0.001828691,-0.0003298447,-0.002585613,0.00087480294,-0.0033806614,0.0006666263,0.0019750092,0.000549192,0.00095639,-0.0007745933,-0.00061483716,-0.0005927642,0.0016168163,0.0008588063,0.00056562765,0.0005969297,-0.0012371799,0.002775591,-0.0026103393
Ind_4_cross,0.004575459,0.00018622862,0.0047801468,0.0015386243,-0.0006665688,-0.0020015545,-0.00055772084,-0.00020918225,-0.0016863665,-0.0006351129,-0.000518584,-0.00043670036,0.00057376473,-0.0037409866,0.00019446958,-0.0018337,0.0007563427,-0.003678791,-0.0015490925,-0.001047737,-0.00079024385,-0.0031670749,-0.00023794289,-0.00034854573,-0.0002965254,-0.0027567549,-0.00077071745,-0.00031846916,-0.0014759453,-0.00080609584,-0.000669089,-0.000112837435,-0.001482595,-0.0019207308,-0.0002607659,-0.0027487979,0.002850479,-0.000808174,0.0028127208,0.0037375242,-0.00042893496,0.0001367671,0.0012675546,0.0010544909,0.00013761953,0.0035360006,-0.0016317624,-0.0010464017,0.0015476334,-0.0027722956,0.0017036754,0.0006427106,0.0022657912,-0.0035827635,0.00021378118,-0.0030712776,0.0011359013,-0.0025370973,0.0015560542,0.0016551197,0.001473665,-0.00011619989,0.0011264954,0.00056041015,0.00029922434,0.002538985,-0.00016687013,0.00078215054,0.0008319961,-0.0017316438,0.0025585226,-0.0024477772
En&Util_1_cross,0.0019680497,-0.0006514624,0.0045205993,-0.0007438458,0.0017842259,-0.0024247158,0.00028693132,0.00028132673,0.00029113548,-0.002938676,-0.0012477053,0.000707288,-0.00042862905,-0.0010226405,0.00046560794,-0.00015513349,0.00011470827,-0.003063315,-0.0017881846,-0.0005472457,-0.0007166777,0.00015499885,-0.00025558262,-0.00031719886,0.00041081427,-0.00011177221,-0.0015300637,-0.00039972484,-0.00019568978,-0.0018183365,-0.00111511,0.00027637894,-7.0920774e-05,-0.00040682178,-0.0018456808,0.00015874491,0.0016802609,-0.0015813613,0.0032153418,0.0034329246,0.0019325356,-0.0017572453,0.0018633079,0.001301126,0.0007713391,-5.6009067e-05,-0.0013474531,0.00027096996,0.0009893358,-0.0006216355,0.0015221194,0.0018049834,0.00054561446,-0.0028340495,-0.00028418098,-0.000811451,-3.588348e-05,-0.001169881,0.00040921674,0.00055078085,0.0016740232,0.0012861354,-0.0012156871,0.00089463295,0.0006414383,-0.0019924405,8.6029e-05,0.0009221925,0.0010603848,-0.0007318529,-0.00040892977,-0.00036926073
En&Util_2_cross,-0.006860231,0.0015235047,-0.00799084,-0.002543593,-0.00052954775,0.0034093235,0.0010813967,-0.0001301729,0.0016303741,0.0036467025,0.0011858789,0.00034931026,0.00026750748,0.004015543,-0.0005656158,0.0023785455,-0.0002758469,0.0064744963,0.0030998094,0.0012754705,0.0011621213,0.0020721622,0.00076915266,0.0007319691,0.00022186509,0.0033115798,0.0019849949,0.0010694446,0.0009986839,0.003116426,0.0011043681,-5.0370363e-05,0.0021541186,0.0016577126,0.00196004,0.0028107255,-0.00490923,0.0034591206,-0.0053839227,-0.005567276,-0.0011509584,0.0011130201,-0.0018750731,-0.0022026775,-0.00050347415,-0.001910769,0.0011869139,0.0012512163,-0.0016622213,0.0024741488,-0.003447497,-0.0015794191,-0.0022193508,0.005499675,0.0008645982,0.0032385364,-0.0006670044,0.0014442224,-0.0013117607,-0.0019277273,-0.0038028564,0.00080598297,-0.00078794453,-0.0006087934,-0.0011590204,-0.0006600094,-0.0009326999,-0.0028237847,-0.0009573105,0.000947035,-0.0019755792,0.0031372576
En&Util_3_cross,-0.0011341067,7.527927e-06,-0.0013504667,-2.0311732e-05,0.0012056616,-1.5493924e-05,0.0003995336,0.00033175602,0.0008842278,-0.0009811416,0.00075821334,0.00018123415,-0.0011972914,0.0023033263,-0.00034075626,0.00042898423,-0.0014917832,0.0008658877,0.0003346366,0.0008313343,0.00054325507,0.0033868765,-0.0006666617,-7.173627e-05,0.0004761101,0.00069714565,-4.6642333e-05,-0.00035363474,0.0010540636,-0.0005711225,-0.0005359525,-0.0004518362,0.00017093252,0.0018110258,-0.0011814752,0.0013372554,-0.00018653627,-8.891128e-05,-0.00023503759,-0.0006789015,0.0009797438,-0.00092695066,-0.00037139258,-0.00042072713,0.00032145742,-0.0031202992,0.0011142294,0.0005534768,-0.0023041756,0.0025363893,-0.0013680678,8.098192e-05,-0.0022521785,0.0010199294,-0.00023501288,0.0014559432,-0.0009935615,0.0039867642,-0.001350031,-0.0013128348,0.0013288336,-0.00094861194,0.00037079136,-9.238669e-05,0.00039144364,-0.0020581633,-0.0013715097,-6.6127526e-05,-0.00090502464,0.0024047839,-0.0027156512,0.0017475504
En&Util_4_cross,-0.00018925968,-0.00080011314,0.0014270097,-0.00090906024,0.00050997996,0.00047917268,0.0003776227,0.00027242306,0.00058999466,-0.00037318986,0.0018095162,-0.00015700141,0.00058518176,-0.0004679257,0.0010947222,0.0011185363,-0.00081476604,0.0019270476,-8.04219e-05,0.00045597667,0.00039066616,0.00011714331,-0.000117071206,0.00019742483,-0.00069755194,0.0016919429,-0.00016825706,0.00016852426,-0.00022658847,0.00081896276,-0.00016944075,-0.0006041587,0.0006989212,-2.4790468e-05,0.0013214545,0.00046010417,-0.0013594746,-0.00068382674,-0.00013837886,-0.0011767424,-0.0002298802,-3.1482545e-05,-0.00012387591,0.00029668614,0.0003159552,-0.0010020074,0.0021582264,-0.00032230007,0.0005456573,-0.00037249667,0.0014197066,0.0005064947,-0.00096285157,0.00136727,-0.0001170757,0.00019264266,-0.00029051394,-0.00017202123,-0.0007672155,0.0003127323,-0.000609775,0.0012296886,-0.0017777288,-0.00091498764,-0.0022759335,-0.0005073338,-0.0008892916,-0.0014751547,0.00019179845,-0.00017182868,0.000903911,0.0009154368
Materials_1_cross,-0.00026423496,0.0006877698,-0.0043554963,-0.0014466278,-0.0012364124,0.0015121035,-0.00034710078,0.00013700227,-0.00044645672,0.0024350085,-0.0005974661,-0.0010073183,0.0017486094,-0.00028459827,-9.2466005e-05,-0.0012071832,0.0023224521,-0.0011840184,0.0012766139,-0.0016512966,1.7365716e-06,-0.0015194773,-0.0006250225,0.000955369,0.0004015127,-0.0018620974,0.0015102014,-0.0002811294,-0.0008674975,0.002374673,-0.00046762137,5.8835562e-06,-0.0012780917,0.00044078406,0.000723796,-0.0023480195,7.7749555e-06,0.0016587662,-0.0017153302,-0.0009455684,-0.0004997114,0.00233305,-0.00055903674,-9.153668e-05,-0.000406238,0.002447748,-0.0009510146,-0.0008991837,0.0017402103,-0.0016390677,-0.0007844283,-0.0012675407,0.0028260357,-0.0014122643,8.3348066e-05,-0.0006969733,0.000596229,-0.0010330911,-0.00043427938,0.00046460785,-0.00061753916,-0.0022429037,0.0028140103,-0.0008212099,3.416959e-05,0.0036648638,0.0001956919,0.000360631,-0.0018007226,0.0010047341,0.0005269208,-0.0032473179
Materials_2_cross,-7.836231e-05,0.0008607867,0.00028464143,-0.00015757151,0.00020457915,0.00015436503,-8.5372936e-05,0.00011626858,0.00048129552,-0.00034966273,0.00028558134,5.0503375e-05,-0.00013529489,0.00045650365,6.1240676e-06,0.00038418558,-0.0004536985,0.0006954302,3.308738e-05,0.00025103605,0.00012848423,0.00050855806,-7.704005e-05,4.8755115e-05,-5.8416455e-05,0.0005968275,0.00014843348,-1.577959e-05,-3.135637e-05,0.0002550002,-0.0005578014,-0.00030833544,0.00046070645,0.0002698927,0.00025123448,0.0004127587,-0.00049953524,4.851225e-05,0.00018306603,0.00050097686,-0.00041846465,-0.00021764277,-0.00032997955,-3.9480965e-05,0.0003702279,-0.00061972043,0.0006034442,0.00021512338,-0.00059349486,0.00078732864,-0.00021727111,0.00017315356,-0.0010239951,0.0005481284,5.297649e-05,0.0002914151,-0.00017567136,0.00052407524,-0.00036438502,-0.00013280199,0.00011434534,3.742862e-05,-0.0002906876,-0.00025132275,-0.0007497977,-0.0007992928,-0.0011176288,-0.0008081779,2.2327122e-05,0.0002797456,-0.00013925755,0.0006966318
Materials_3_cross,-0.00061206205,0.0006330771,-0.0011496438,-0.0013518143,0.0009262593,-0.0005079459,0.0001494898,0.000467568,0.00038166268,-0.00097338983,-0.00069359393,0.00012621541,-0.000596262,0.0011361503,-0.00014381573,-0.00019695808,0.00020381642,-0.00057864777,-7.61672e-05,-0.000284985,-8.986645e-05,0.0011065272,-0.0006769461,0.0002484571,0.0004936959,0.00028781474,-0.0008069554,-0.0007296576,0.00074657536,-0.0009511814,-0.00041503375,0.00019159692,-0.00020247669,0.0011348384,-0.0016991616,0.00042121072,0.0001612852,0.00033084437,-0.00020947006,0.0005105707,0.0012525418,-0.00030320158,0.00060824514,0.00021408655,0.00031522455,-0.0011769513,-0.0004692315,-0.00010229884,-0.0006810927,0.0016925568,-0.00055796374,0.00016586675,1.9249821e-05,0.00018720186,0.00010235933,-0.000510713,-6.0208637e-05,0.0008440995,-0.00040170472,-0.0002926368,0.0012527028,0.0006550376,-0.00012303804,0.0002070778,0.0018106889,-0.0011093855,-0.0004790728,0.0004703392,-0.0003822457,0.0015490527,-0.0020162954,3.4703055e-05
Materials_4_cross,-0.0013679925,0.0019130841,-0.0029161798,0.001019205,-0.000119450844,0.00027672693,0.00014619264,-0.0003947378,0.0005256554,0.0010099247,-0.00079091074,0.0004604837,-0.00092741713,0.002396854,-0.0016413182,-0.00016139056,-0.0004832666,-3.8507073e-06,0.0010663162,0.00048930047,0.0002715368,0.0023994194,0.00017386168,-0.0002425838,0.0011345614,-0.00097096805,0.0016315724,0.0004216323,0.00018341103,0.00072384207,-0.00082720513,-0.00017186807,0.00022565828,0.0010175793,-0.0006034817,0.00075696094,0.00019229086,0.001631182,-0.00021167887,0.0006998467,-0.00039855746,-0.0005375496,-0.0009637424,-0.0012734858,3.389859e-05,-0.00043251118,-0.0014011823,0.0015786834,-0.0023813848,0.0015909967,-0.0035554657,-0.00055470713,-0.0016055538,-0.00060745206,0.00026232222,0.0022307457,-0.0006160106,0.00306756,-0.00038566685,-0.0016530517,0.00011713257,-0.0028699276,0.0026617777,0.00076355296,0.0003327949,-0.0006095466,-0.0014146649,-0.00019052385,-0.00086495234,0.0010284019,-0.0021198697,0.0011476845
Con Stpl_1_cross,-0.0024406656,0.0007629139,-0.002289881,-0.00085996307,0.0003078643,0.00067715766,4.8545946e-05,5.348252e-05,0.00089786376,-1.9846473e-05,-0.00084303424,0.0005413473,-0.0006378174,0.0021388715,-0.00044040775,0.0008688254,-4.8265174e-06,0.0014328489,0.0005637563,0.00040165865,8.72972e-05,0.0012477795,0.00039147047,9.591146e-05,0.00031888168,0.0014882318,9.757004e-05,0.00010328523,0.0009106273,-0.00021746778,0.00037342554,0.00046317422,0.0010136697,0.00077609037,-0.00040710156,0.001735697,-0.0013447998,0.0006085513,-0.0011705509,-0.0008243945,0.00020161003,-0.00032670144,-0.0004303812,-0.00048725895,2.8868631e-05,-0.0015067545,-9.4290204e-05,0.0008136428,-0.00092853105,0.0019802141,-0.0011268549,-0.00023133011,-0.0010161089,0.0017588055,4.7937985e-05,0.0013082073,-0.0003528661,0.00044618483,-0.0002494827,-0.00078774715,-0.000718991,0.00068339746,-0.00092121836,0.0001728477,0.0007581424,-0.001989299,0.00038646895,-0.0001603046,8.9533816e-05,0.00044333728,-0.0015245125,0.0013042039
Con Stpl_2_cross,0.0008437278,-0.002425034,0.0004013234,-0.0009476835,-0.00032248272,0.0006576932,-0.0004883306,0.0002985166,-0.00040371108,-0.0001816798,-0.00014003586,-0.0006688816,0.0014010831,-0.001622571,0.001295466,-0.00028167013,0.0014959554,-0.001132749,-0.0004305692,-0.0011408471,-0.0002794795,-0.0020368802,-0.00016220055,0.00047778178,-0.0006351274,-6.217982e-05,-0.00043535433,-0.0003459721,-0.00029352613,0.00014676226,0.0007607304,0.00044713216,-0.0007098734,-0.00057652383,0.0007184827,-0.0013085464,0.00012261956,-0.0015186601,-0.00021131852,-0.001384901,0.0005218315,0.0011816871,0.00023708325,0.0011078316,-0.0003820497,0.00080131384,0.0008533502,-0.0013461289,0.0030626669,-0.0022497457,0.0029079758,-9.950077e-05,0.0026049614,-0.0006704562,-0.0008127675,-0.0010249281,0.00036677858,-0.002638417,-3.534497e-05,0.0013587391,-0.0005176629,0.00042824508,-0.0009163283,-0.0010285628,-0.0003181888,0.0013991152,0.002677255,0.0013076398,-0.0001821529,-0.00043361977,0.0018559168,-0.002618339
Con Stpl_3_cross,-0.0024198347,0.0015622136,-0.003905828,-0.0021625925,0.0007212304,0.0009237472,0.0005617183,0.0004780239,0.0011118529,0.00059170404,0.0004612887,-5.366974e-05,-0.00010627394,0.0024043054,-0.00028119292,0.00052561716,-0.00015103743,0.0016514023,0.0012464608,9.626629e-05,0.0005520277,0.0022020685,-0.0007693611,0.00063806237,0.0006243613,0.0009763238,0.00060892187,-0.00031625066,0.0005375122,0.0011943667,-0.0009227918,-0.0004402316,0.00035717175,0.0019643784,-0.00043352233,0.00081455236,-0.001487514,0.001715216,-0.0017656022,-0.0011147414,0.00039945886,0.00028767542,-0.0004444595,-0.0006132864,0.000376145,-0.001668428,0.00044655774,0.00030994866,-0.0013846612,0.0021656,-0.0020758884,-0.0003774169,-0.0011434179,0.0014715013,0.00038026524,0.0008893898,-0.00047008164,0.002282015,-0.0014598769,-0.0010297091,0.0001621041,-0.00036094757,0.0006355038,-0.0004382028,6.6189226e-05,-0.0006810155,-0.0021744678,-0.0012001384,-0.0013254238,0.0023806577,-0.0024615033,0.0009304918
Con Stpl_4_cross,0.0074932454,-0.0036629094,0.009297125,0.0010400732,0.0002094032,-0.0024373778,-0.000411072,6.348267e-05,-0.001614402,-0.0020793916,0.0005922121,-0.00093690265,0.002438756,-0.00660943,0.0021759698,-0.0018024755,0.0012074199,-0.006202678,-0.002805271,-0.0020650686,-0.0009473473,-0.004155489,-0.0006590685,-0.00019284584,-0.0008172371,-0.0033068326,-0.0007374328,-0.0002288927,-0.0029383337,0.00015675937,-0.0015631566,-0.0005925581,-0.002220302,-0.0028604805,0.0010234552,-0.004452284,0.0039847875,-0.0037936224,0.005491678,0.0039612544,0.0006356765,7.221279e-05,0.0019270348,0.002749925,0.0003790216,0.0042998986,-0.00020098299,-0.0018838076,0.0053856713,-0.0071565835,0.0056328177,0.001951089,0.004081653,-0.0071381726,-0.0011107402,-0.0030473787,0.0007849521,-0.0041738385,0.0007816342,0.003068076,0.0015945137,-0.0011693558,0.00061028614,-0.0005591412,-0.0030635055,0.0035745967,0.0010676262,0.0014933961,0.0006586751,-0.0027441697,0.0052359183,-0.004907371
Whole_1_serial,-0.004368136,0.0026555157,-0.0044288086,-0.0022622198,8.347284e-05,0.002001017,0.0006061379,0.00011565649,0.0016958003,0.0016427453,0.0006480943,0.0004293458,-3.9949555e-05,0.0030557779,-0.00042317834,0.0019305013,-0.00048613132,0.0046199975,0.0018521317,0.00093441794,0.0007268443,0.0017033239,0.0003695786,0.00056428387,0.00020425521,0.0028703548,0.0012222799,0.0005680038,0.0005234638,0.0021352924,-0.00027212178,-0.0003210838,0.002024659,0.0013273472,0.0012181111,0.0023168295,-0.0036695127,0.0025101833,-0.0029175836,-0.002070068,-0.0011366557,0.0002954351,-0.00126508,-0.0013242045,0.0003237532,-0.0016601455,0.0009222927,0.0011306615,-0.0017319302,0.002700011,-0.0025687113,-0.0005785691,-0.0025012386,0.003900914,0.00080993836,0.0020249528,-0.00046933745,0.0010115856,-0.001080652,-0.00127563,-0.0021140259,0.00106676,-0.0010275587,-0.00046286848,-0.0013253635,-0.0016375963,-0.0022902968,-0.0029156066,-0.00035074775,0.00078294973,-0.001577569,0.002802744
Whole_2_serial,0.0025268837,-0.0018375239,0.0026658594,0.00054245297,0.00011917542,-0.0008445656,-0.000649596,0.00015806756,-0.00063728396,-0.0014889982,-0.0008075457,-0.0003168804,0.000394385,-0.0017704472,0.0006746993,-0.0009254108,0.0008338481,-0.0029722296,-0.0012643965,-0.0009621942,-0.0005639819,-0.0013207381,-0.00025847642,-8.032901e-05,-0.00023799531,-0.0011735499,-0.00083232275,-0.0005147365,-0.00030826326,-0.0012006917,5.3218544e-05,0.0003761858,-0.0010314923,-0.0007169821,-0.0005648193,-0.0013456723,0.001836186,-0.0020436759,0.0018125568,0.0012333571,0.00084677356,1.1653369e-05,0.0006861617,0.0012457739,-4.9118884e-05,0.0007502782,-0.00015932243,-0.000856847,0.0019253084,-0.0017210682,0.0024062719,0.00047855635,0.0019319946,-0.0023365447,-0.0008277491,-0.0011949465,0.0002655755,-0.0015048544,0.00040451068,0.0011279094,0.0010798585,-0.00035082223,-9.373211e-05,-0.00017459977,0.000491574,0.0004953134,0.0019824142,0.0019383171,0.00020615144,-0.00043935387,0.0012359116,-0.0022801682
Whole_3_serial,-0.008876457,0.0041295695,-0.011843385,-0.0038960248,-0.0003036529,0.0040354435,0.0014206411,0.00024381463,0.0021971408,0.004461413,0.0016553034,0.0002130703,-0.00034728114,0.0062437383,-0.0012830643,0.0024778096,-0.0007130032,0.008406274,0.00430491,0.0016268524,0.0016715683,0.0038118288,-7.288067e-07,0.0011996699,0.00071097515,0.0039197714,0.0022334345,0.0005884738,0.0017177941,0.003673864,0.0004651439,-0.00049968745,0.0023354327,0.0034398858,0.001210879,0.0034647977,-0.0061040022,0.0056926804,-0.0074082995,-0.006173244,-0.0013244881,0.0015050103,-0.0023043281,-0.003078981,-0.00019836698,-0.003246051,0.0013561995,0.0013479327,-0.0040645297,0.005466565,-0.00606116,-0.0022531103,-0.0036353213,0.0076822555,0.0016868802,0.0031864392,-0.0007625527,0.0038991957,-0.0022143489,-0.002935241,-0.0031895477,0.0009038402,7.902344e-05,-0.00073651096,-9.167622e-05,-0.0009851174,-0.0036375555,-0.00416218,-0.0020156123,0.0033503785,-0.004481373,0.0044373553
Whole_4_serial,-0.0041268473,0.0010679925,-0.0051742266,-0.0006776539,-0.00036255285,0.0020070337,7.372268e-05,-0.00010222864,0.0010493104,0.0014737004,-0.0003277808,0.00037795468,-0.0006004461,0.0033028463,-0.0008159053,0.0012033152,-0.00017929288,0.003246007,0.0016553754,0.00083225634,0.000524522,0.0018396825,0.00059823756,0.00024229166,0.0003085073,0.0018320326,0.0010257114,0.0004091298,0.0012116613,0.00075998454,0.00092658534,0.00037847896,0.0012848945,0.0012707249,0.00037302074,0.002152695,-0.0024495912,0.0015561306,-0.0029724005,-0.0028404754,-0.00054356444,0.00033330347,-0.001454075,-0.0013265498,-0.00035429577,-0.0019678082,0.0005020391,0.001031096,-0.0017113534,0.0026622058,-0.002345578,-0.0011335808,-0.0016543774,0.0033612717,0.00016229863,0.0023620145,-0.00056303246,0.0015179582,-0.00064567314,-0.0014267261,-0.0017248181,-9.463197e-05,-0.0003320376,-0.00016737757,0.00047221416,-0.0015255063,0.0003621049,-0.00064409216,-0.0005340381,0.0009982086,-0.0018952668,0.0019172678
IT&Comm_1_serial,-0.008014641,0.0024360605,-0.011097066,-0.0034061738,-5.8580248e-05,0.003747568,0.0009234304,0.00027800846,0.0021252315,0.0033420848,0.00042793632,0.00025806914,-0.00036890275,0.006070858,-0.001111085,0.002029435,-3.3121472e-05,0.006167706,0.0036393178,0.0010247125,0.0012840279,0.0038232007,4.9750248e-05,0.0010793225,0.0008795252,0.0032289212,0.0019943626,0.00035737205,0.0018966537,0.0026913355,0.0007004843,7.7104734e-05,0.0018169464,0.003318099,0.00049636705,0.0031690686,-0.0048941933,0.004108508,-0.0062917424,-0.005764085,-0.00033497345,0.0012431361,-0.0021403527,-0.0024037906,-0.00036937688,-0.0034418465,0.0009998651,0.0013030872,-0.0029077928,0.0046855225,-0.004886419,-0.0020571733,-0.0024955792,0.0059470497,0.0007716395,0.0035575684,-0.00095959404,0.0034800274,-0.0021335955,-0.0026551802,-0.0026749973,-9.578775e-05,0.00020982044,-0.00071591703,0.0005819761,-0.0014855417,-0.0013501155,-0.0021538385,-0.002077878,0.003300434,-0.0043884004,0.0030048199
IT&Comm_2_serial,-0.0021122256,-0.0011194185,-0.003761924,-0.001162139,0.0005156579,0.0006112222,0.00018169134,0.00041319302,0.00019694348,-5.301595e-05,-0.000352659,-0.00012512768,-0.0005515005,0.0019059151,-7.1646355e-05,-8.316919e-05,0.00033572342,0.00035182014,0.0006048006,-0.00010131462,0.000211226,0.001574924,-0.0005560335,0.00035111795,0.00035967492,0.00051450054,-0.0005982545,-0.00067015196,0.0014914603,-0.00094144593,0.000994757,0.0005499622,-0.00045986322,0.001582306,-0.0014984511,0.00068725593,-0.00034977056,0.00018283374,-0.0020059287,-0.0025533743,0.0016307237,0.00036385393,6.0997867e-05,-0.00016838072,-0.00044352544,-0.0020722074,0.00030207643,-0.00037404045,-0.00053188606,0.00173971,-0.0005260048,-0.0006970345,0.00044604365,0.0014580226,-0.00030255388,0.00029848688,-0.00031933823,0.0015686183,-0.0007214816,-0.00066610955,0.0005101766,0.00019133529,-6.4335196e-05,-0.00016199044,0.002479669,-0.00059824676,0.0014925571,0.0014490937,-0.0010277067,0.0022027467,-0.0024276122,-0.00015840192
IT&Comm_3_serial,-0.009295452,0.0013981769,-0.011193073,-0.0045605307,0.0011691424,0.0035384656,0.0014204726,0.0008964818,0.0025022456,0.0018942965,0.0017198178,0.00029235755,-0.0013278413,0.007052623,-0.00039997973,0.002839792,-0.0012739716,0.0082281735,0.003378155,0.0018530319,0.0016485314,0.0053170025,-0.0005563868,0.0011684695,0.00041317203,0.0054260828,0.00012058513,-0.00035106743,0.0034388371,0.0009644579,0.0015917247,6.188099e-05,0.0021448713,0.0044450485,-0.000616274,0.004666894,-0.0058854674,0.0034547166,-0.0074901325,-0.0077817603,0.0010292951,0.000734824,-0.0015473115,-0.0021940758,-0.000260561,-0.0066093314,0.0029816316,0.0006397255,-0.0040680557,0.0070795305,-0.0040065455,-0.0017943782,-0.003757544,0.009082601,0.0007782711,0.0029213508,-0.0012774204,0.004884657,-0.0028075697,-0.0029135738,-0.0017513395,0.0027093536,-0.002328148,-0.001042381,0.0019548917,-0.0034723796,-0.0014408348,-0.0022624882,-0.0019350605,0.004890369,-0.006128373,0.004768542
IT&Comm_4_serial,-0.0073873913,0.002601572,-0.010275047,-0.0047378764,0.00030595213,0.0036246637,0.0013386075,0.00086391106,0.0018726134,0.0031550925,0.0026321805,-0.00044758804,6.528403e-05,0.004972882,-8.950098e-05,0.0021051385,-0.00068353367,0.0076996973,0.0035300194,0.0011342451,0.0016566762,0.003279254,-0.0009697823,0.0015119637,0.00013854248,0.0040609436,0.0009066811,-0.00028674657,0.0018473967,0.0028745253,0.00046846116,-0.0007256661,0.0014755492,0.0036798157,0.0007985902,0.0025111982,-0.0055685216,0.004317453,-0.0070863576,-0.0065955776,-0.00034132536,0.0018683082,-0.0015654088,-0.0020093506,-4.4924767e-05,-0.0039125616,0.002835891,-0.00014327277,-0.00299176,0.0050184135,-0.0037597672,-0.0018731909,-0.0026742339,0.0076737707,0.0012902596,0.0013897837,-0.00058716594,0.0036007063,-0.0027012427,-0.00198837,-0.0018608861,0.0019568114,-0.0008756944,-0.0015648435,0.00014216939,-0.000516761,-0.0034129904,-0.003604567,-0.0022928633,0.004321469,-0.004083042,0.0032683625
Health_1_serial,-0.0040591564,-0.0007454686,-0.0035540399,-0.0025536304,0.0012613111,0.0011398587,0.00083483796,0.00055325124,0.0013630332,-0.00024451257,0.0007130348,0.00036492306,-0.0005963112,0.002866441,0.0004082732,0.0016666881,-0.000616026,0.0032957925,0.00091508543,0.0007955325,0.0006004514,0.002520804,-0.00020395407,0.00045665973,6.226858e-05,0.0031190547,-0.00064957846,-0.0002105966,0.0017375669,-0.00024279937,0.000915563,0.00025019128,0.001140202,0.0018550879,-0.0005813712,0.0025341304,-0.0025761777,0.00045741996,-0.002704264,-0.0036172832,0.0014069591,-0.00021766168,-0.00012060894,-0.00043657536,-3.408517e-05,-0.0036301492,0.0016475865,0.00024445044,-0.0009964523,0.002749666,-0.0005149401,-0.00018997869,-0.0014681616,0.0038151185,-2.7902091e-05,0.0013958733,-0.00076108053,0.0015717138,-0.0013131041,-0.0010663695,-0.00071203086,0.0021604502,-0.002356579,-0.00045760148,0.0008147044,-0.0025455037,0.00030837633,-0.0005285978,-0.00044008569,0.0018397628,-0.0026979395,0.002164271
Health_2_serial,-0.0016120194,0.0007607612,-8.170918e-05,0.0022976184,-1.7025533e-06,0.00029873094,-0.00032638235,-0.00045068937,0.000742323,-0.00066380907,-0.00028103925,0.0009037668,-0.0019606915,0.0024437688,-0.0010789542,0.0011399229,-0.0019160876,0.0022095472,0.0001314756,0.0017959919,0.0002625867,0.0023128365,0.0010603237,-0.00080887316,6.5809227e-06,0.0014862594,0.0002178393,0.00057738967,0.0012311151,-0.0013182932,0.000784353,0.00021694691,0.0015365209,0.0002785318,-0.0001602876,0.0027315933,-0.0008088682,-0.00037047514,-6.602365e-05,-0.00020706662,-0.00080024166,-0.0014898262,-0.0012361797,-0.0010221461,-1.6516433e-05,-0.0026449598,0.0007271626,0.0016268763,-0.0029975714,0.0030184428,-0.0015420938,-0.00014621195,-0.003441662,0.0024556348,-0.00015572127,0.002479471,-0.0008423428,0.002425297,0.00014367099,-0.0014156015,-0.00039048548,-0.00016785356,-0.00097597775,0.0005919606,0.0002237713,-0.0034349062,0.00018373293,-0.00022544984,0.00084390194,-0.00016993607,-0.0012693523,0.0033273657
Health_3_serial,0.0015199025,-0.0030890796,0.0025036598,-0.00096031494,0.0005271449,-0.00020232455,0.00046691438,0.00020009604,-0.00019494683,-0.0003727945,0.0011360047,-0.00044516454,0.0016102643,-0.002327498,0.0015817485,4.321471e-05,0.00055778824,-0.0013061226,-0.00063954486,-0.0007812368,-4.309603e-05,-0.0011439034,-0.00033242794,0.00024571837,-0.00044420848,-0.00026773164,-0.00014928603,0.00010417952,-0.0010098462,0.00092648744,-0.00019264779,-0.000274433,-0.0006521337,-0.00073132885,0.0010157527,-0.0013587992,0.00047064727,-0.0016230971,0.001081823,-0.00083750236,0.00096088514,0.0003302662,0.0007860001,0.001097528,-6.0916995e-05,0.00092794304,0.00088645035,-0.0008968396,0.0030991125,-0.003525334,0.0028310246,0.00076095504,0.0018735835,-0.0020713422,-0.00067857286,-0.00042299487,-4.3513515e-05,-0.0016785244,-0.00043720164,0.0010911922,-0.00033376573,-6.3871516e-07,-0.00057593815,-0.0007563534,-0.002082383,0.0015164565,0.0010818637,0.00036535825,-0.00016320281,-0.00082815706,0.0019396973,-0.0018488743
Health_4_serial,0.0039618677,-0.0017953344,0.006916086,0.002550509,0.0002918267,-0.0019524746,-7.4240204e-05,-0.0005676323,-0.0005307255,-0.0015844026,1.5970905e-05,0.00039132554,0.00027140885,-0.0029355302,0.00040967425,-0.00033869804,-0.0006294484,-0.0030758518,-0.0018068952,-2.4787656e-05,-0.00052119984,-0.0010123167,0.0006192885,-0.0009380039,-0.00019612045,-0.0015992923,7.636879e-05,0.0007291989,-0.0015600339,-0.00041796864,-0.0008721166,-0.000304425,-0.00023361383,-0.0021205468,0.0006246219,-0.00097339,0.0024124742,-0.0024357815,0.0043745995,0.003303539,-8.9593406e-05,-0.001524607,0.00070930226,0.0009053628,0.00029315572,0.0018051487,-0.0006560788,0.00054854667,0.0015457672,-0.0034785136,0.0020598338,0.0015505534,0.0002121831,-0.00422728,-0.0006462652,0.00027442604,-0.00014791678,-0.001193296,0.00090949,0.00080301304,0.0004648402,-0.0012877,0.00021480996,0.0006580317,-0.0023980606,5.3878248e-05,0.00045412852,0.0005667338,0.0013108848,-0.0028005105,0.0026746758,-0.0006150425
Con Dis_1_serial,-0.0055926773,0.0023865132,-0.0076924106,-0.0008714042,-0.0002222491,0.003010679,0.0001931267,0.00019473444,0.0016795847,0.0018845719,0.0011275394,9.202739e-05,-0.001217972,0.005241052,-0.0011129127,0.0017079191,-0.0014693075,0.005824324,0.0026230412,0.0017067278,0.0012666424,0.0039057534,1.2624614e-05,0.00047995293,0.00027302257,0.002835027,0.0014174978,0.00014510361,0.001931703,0.0012896543,0.00061580894,-0.00034105466,0.0016475939,0.00280722,0.0004993235,0.0030113326,-0.0037403463,0.0025028565,-0.0046002935,-0.0042722323,-0.0011026845,0.0005393948,-0.0024828175,-0.0021024675,-0.00013481553,-0.0041903695,0.002280142,0.0010688253,-0.004085925,0.005297181,-0.0039240606,-0.0017289986,-0.0039117485,0.0059954035,0.00043261333,0.0030522912,-0.0010634285,0.0046525463,-0.0018706091,-0.0023819213,-0.0012891748,-0.00053302676,1.0760536e-05,-0.0008425806,0.0001785887,-0.0022365502,-0.0018639474,-0.001979264,-0.0015025733,0.0031916662,-0.0035191355,0.003654628
Con Dis_2_serial,0.0047145113,-0.0029203296,0.0068948204,0.00046588056,0.00037506255,-0.0016854415,-0.0002247451,0.00029961442,-0.0011855661,-0.0020547104,0.0012990616,-0.00071517716,0.0011999132,-0.0045287088,0.0019801084,-0.0007567197,9.195518e-05,-0.0026093577,-0.0021840683,-0.00083004765,-0.0004933759,-0.002881537,-0.00056662125,-0.00014623496,-0.0011985233,-0.00087305304,-0.0017349952,-0.000488538,-0.0012295629,-0.0009792713,-0.00018248809,-0.0003787708,-0.0012231481,-0.0018309037,0.000536391,-0.0023236065,0.0019932822,-0.0030343456,0.0029351981,0.0015327585,0.0005996225,-1.1902202e-05,0.0015578965,0.0020128044,0.000230245,0.0015822438,0.0012344981,-0.0019060244,0.0031313119,-0.0036807032,0.0047891997,0.001373128,0.0021239468,-0.0025175845,-0.00063232624,-0.0029665888,0.0006304307,-0.0028515728,0.0005579926,0.0022879748,0.0013032877,0.0014035635,-0.0014976988,-0.00064482144,-0.0014291649,0.0016312227,0.00085011567,0.0007255592,0.00094288087,-0.0015771256,0.0034225578,-0.0022996285
Con Dis_3_serial,-0.0068755355,0.0028511956,-0.008180177,-0.0028917491,-0.00029882003,0.003569042,0.0006448821,0.0004882583,0.0017467822,0.002565331,0.0022341728,-8.710772e-05,-0.00058801443,0.004721413,-0.00030297987,0.0025328728,-0.0013191971,0.00839474,0.0029452613,0.0018426211,0.001448266,0.0025770743,-2.0202398e-05,0.0009555766,-0.00042663483,0.004701361,0.00064526155,9.024173e-05,0.0020238769,0.0018508054,0.0012325271,-0.00042032573,0.002288426,0.0026345367,0.0013731368,0.0033487016,-0.0056886077,0.0033839133,-0.0064027035,-0.0058751823,-0.0014741792,0.0013043652,-0.002078141,-0.0020649836,-0.00010044527,-0.0040747444,0.0032477058,0.00027780526,-0.0035137285,0.0055249254,-0.003119309,-0.0017792197,-0.0037317458,0.008674212,0.001144391,0.0016742684,-0.00052243326,0.0027506333,-0.0018039442,-0.0018027251,-0.0023926834,0.0026762162,-0.0021941941,-0.0013368385,-0.000105972555,-0.0018157284,-0.0025072363,-0.0036124447,-0.0009985331,0.0027904254,-0.0028892742,0.004324713
Con Dis_4_serial,-0.004269614,0.0030532703,-0.00865871,-0.0018927167,-0.0012186461,0.0032454033,-0.0006499541,0.00047432684,0.00077141414,0.002450784,-9.5173375e-05,-0.0007185493,-8.46846e-05,0.003730402,-0.0008254429,0.00033560194,0.00073358964,0.0038758104,0.0024951284,5.7893405e-05,0.00072088966,0.0010389914,-0.00048246,0.0011168187,0.00011208051,0.0014609804,0.0010992521,-0.00061883294,0.0013954306,0.0014439524,0.0006303397,0.00010034504,0.0004483204,0.0023736414,0.0003763746,0.00081520877,-0.003019575,0.0028790457,-0.0050621834,-0.003496901,-0.0013587765,0.0022452371,-0.0021028807,-0.0013405919,-0.00030547558,-0.0017777443,0.0013025885,-0.00038693025,-0.002121487,0.004128917,-0.0028782438,-0.002306247,-0.00083855574,0.0049075764,0.00052431057,0.00048277527,6.580451e-05,0.0018067507,-0.0012645194,-0.0009927393,-0.0009714787,-0.00031241353,0.00077102054,-0.0013039632,0.0015139861,0.00026266286,-0.0009089548,-0.0010442741,-0.0018746377,0.0032420023,-0.0022708322,0.00047675008
Fin&Estate_1_serial,-0.007385026,0.002907147,-0.009715034,-0.0031451832,-0.00066364947,0.0036390543,0.00042495856,0.00015355031,0.001765467,0.0032233347,-0.00016145359,0.00030477467,-0.00019902931,0.0050687827,-0.00096247485,0.002028385,0.00043725612,0.006181295,0.0031674234,0.00086784863,0.0009161081,0.001993348,0.0005505429,0.0009998719,0.00040515934,0.0034943363,0.0015302188,0.00041763668,0.0016807575,0.0022454003,0.0011772339,0.00043524674,0.0021100468,0.0022873161,0.00094845454,0.0030129412,-0.0050134636,0.003849376,-0.006051317,-0.004982886,-0.0010857576,0.0014483716,-0.0020070758,-0.002101789,-0.00039605336,-0.0023825853,0.0007535875,0.001039684,-0.0022111156,0.00430843,-0.003912898,-0.001992708,-0.0019303606,0.0063132783,0.0009174671,0.0025582463,-0.00038669,0.0012099771,-0.0012078229,-0.0018910365,-0.003198454,0.0012589217,-0.00089145865,-0.00063937425,0.00072346197,-0.0014002565,-0.00062282116,-0.0022264586,-0.0011001129,0.0019128423,-0.0029819214,0.0027047803
Fin&Estate_2_serial,0.008306827,-0.0035268462,0.010687528,0.0033735994,-0.00038489338,-0.0036970624,-0.00079196907,-0.0008008424,-0.002292155,-0.0021430675,-0.0020581451,-2.7230855e-05,0.0016054533,-0.0069072205,0.0008650506,-0.0025593191,0.0018355371,-0.008900071,-0.0034382928,-0.0021771193,-0.0017277242,-0.0048537184,0.00058218895,-0.0010707385,-0.00012286147,-0.005092399,-0.00046281115,0.00042117666,-0.0031231144,-0.0011668759,-0.0010654398,0.0004219428,-0.0022667071,-0.00424751,5.2603118e-05,-0.004309039,0.005894964,-0.0039630174,0.0073083304,0.006431039,0.000635444,-0.0009730507,0.0022846886,0.0024895614,-2.4601768e-05,0.0061956034,-0.0034104704,-0.0005685088,0.005387985,-0.008069694,0.004687061,0.0020904774,0.0048642927,-0.0097847935,-0.0011689833,-0.0023129422,0.0010005807,-0.005391813,0.0026018822,0.0028165474,0.0013442982,-0.0022618913,0.0017034069,0.0012438981,-0.00145197,0.003183414,0.0032192424,0.0033116792,0.0018144367,-0.0049598454,0.0054995543,-0.0052641793
Fin&Estate_3_serial,0.0027768025,-0.0024171884,0.0034005425,-0.0021216106,0.001033496,-0.00074841647,0.00060419005,0.0007056928,-0.00027931054,-0.0009542769,0.0019228293,-0.0009356472,0.0020146316,-0.003177141,0.0021272327,-0.00040182724,0.0005854082,-0.0018218725,-0.00094576605,-0.001269828,-1.0664001e-05,-0.0014581345,-0.0013421085,0.00062767655,-0.0005504021,-0.0005123568,-0.0007396815,-0.00056923303,-0.0013922335,0.0011098598,-0.0012523548,-0.00086505496,-0.001248629,-0.00033048738,0.00067755947,-0.0023777867,0.000796349,-0.0014754797,0.0014920818,0.0001503831,0.0012447746,0.0006330638,0.0014135832,0.0016710629,0.00045633348,0.0011247654,0.0013388896,-0.0018044319,0.0032980118,-0.0035341375,0.0033947562,0.0011417341,0.0022354657,-0.0024971513,-0.00040377525,-0.0021109888,0.0002532094,-0.0016010115,-0.00091079046,0.0016588211,0.0009517994,0.0005463459,-0.00042482305,-0.0012103476,-0.0022552162,0.0022581143,-0.0008013619,-0.00030408983,-0.00057611585,0.00016561091,0.001901333,-0.002520124
Fin&Estate_4_serial,0.007364273,-0.0038245204,0.0124345375,0.00075750897,0.0013630323,-0.0038336362,0.00012611206,-0.00018524691,-0.00088678434,-0.0035603181,-0.0005434648,0.00027979235,0.001934214,-0.0066254344,0.0021384908,-0.00087851187,0.000934361,-0.006943825,-0.003725678,-0.0017557832,-0.0013953233,-0.003728776,0.00018447798,-0.00071608217,-0.0004374042,-0.0023654234,-0.0011907445,0.0003897513,-0.0031002292,-0.0006045565,-0.0019867022,-0.00018660206,-0.0010394511,-0.0036483337,0.0004952184,-0.002948772,0.0040831747,-0.0044487724,0.007567086,0.0060434523,0.0014364291,-0.0017770808,0.0028861174,0.0030423305,0.0008428796,0.0042523826,-0.0015783344,-0.00050438073,0.0057753446,-0.007566493,0.0059155906,0.0033454748,0.0034034757,-0.008410374,-0.0011103344,-0.0020005014,0.00049084134,-0.005480875,0.0014300435,0.0028927044,0.0011462134,0.0001890576,-0.001057593,0.00058662536,-0.003520945,0.0010545532,0.0013769326,0.0013367635,0.0021879787,-0.0047031175,0.0051116296,-0.0035971976
Ind_1_serial,-0.0062166587,0.00012477343,-0.006321979,-0.0044124173,0.0010060912,0.002780315,0.0012556177,0.0008050921,0.0019940054,0.0013035525,0.002167467,8.358137e-06,0.00020223985,0.0036672049,0.00083024707,0.0026418646,-0.0006635074,0.006432837,0.002157969,0.0010543789,0.0012056488,0.002606843,-0.0003789308,0.0011183402,-0.00027443853,0.0047318097,1.0362032e-05,-4.3620512e-05,0.0017191354,0.001715343,0.00093085517,-0.0002388252,0.0018500584,0.0025392082,0.0008925188,0.0029473088,-0.0049942513,0.001888878,-0.0051000915,-0.0060061766,0.000560176,0.00085584604,-0.00083938095,-0.0009772674,3.8993735e-06,-0.004117207,0.0031283123,-3.4452976e-05,-0.001101164,0.0033522006,-0.0010706154,-0.0007591497,-0.0021213405,0.006444096,0.00045707874,0.0016755713,-0.00078274874,0.0016306955,-0.0022226227,-0.0012473309,-0.0021251328,0.0030515087,-0.0030071947,-0.0014377307,-0.0006074368,-0.0019561541,-0.00112412,-0.0025515803,-0.0010503986,0.0025182306,-0.0027018213,0.0029704126
Ind_2_serial,0.005204906,-0.0039071194,0.00913781,-0.0016165433,0.0008995957,-0.002408294,0.001124479,3.0290985e-06,-0.001003123,-0.0009778499,0.0014161166,-0.00033482595,0.0033131738,-0.0068950625,0.0028097,-0.00035953303,0.0013972917,-0.0040886365,-0.0022805652,-0.001830488,-0.0007744631,-0.0045716017,-0.00017384737,6.998504e-05,-0.000788986,-0.0014534977,-0.00074498256,0.00059150433,-0.0033657243,0.0016990514,-0.0014379725,-0.00062655227,-0.0010471123,-0.0032762052,0.001965774,-0.0034345023,0.001957069,-0.0024267675,0.004456354,0.0025474837,0.0010913791,-0.00010153427,0.0028905447,0.002470064,0.00044369083,0.004998891,-0.0007195408,-0.0013949189,0.0065757968,-0.008402969,0.005556845,0.0025759295,0.0042266953,-0.006223548,-0.00029282502,-0.0026796209,0.00086520123,-0.0061922856,0.00083391747,0.0029918486,-0.00054071704,0.0015794496,-0.0012902992,-0.00018970312,-0.004397324,0.003596452,0.0003884376,-0.0004581582,0.0013748872,-0.00428537,0.0054206946,-0.00361024
Ind_3_serial,-0.0057876357,0.0008022007,-0.005711406,-0.0035981892,0.001055676,0.0014521758,0.0017458979,0.00038336232,0.0014419057,0.0016394877,0.0014275901,0.00050591474,-0.00038206473,0.0033813254,-5.492944e-05,0.002008403,-0.0007257151,0.005107675,0.0020074944,0.0011375486,0.0009528312,0.0026925253,-0.0001482437,0.00065330375,0.000382316,0.0033835093,7.1739287e-06,0.00024199892,0.0014887904,0.0012275729,0.0007221176,-9.549562e-05,0.0015319738,0.0021024372,-0.00013144096,0.0028012062,-0.003753234,0.0028044023,-0.0042359945,-0.004412302,0.0009003998,0.00013347989,-4.9621827e-05,-0.0013929493,-8.01351e-05,-0.002830225,0.00086201006,0.00063962163,-0.0018219323,0.002996541,-0.0025310786,-0.0005355427,-0.0019160465,0.0048230416,0.0010343894,0.0015017677,-0.0005770763,0.0018582926,-0.0013281923,-0.0016755104,-0.0016985905,0.002743007,-0.0017633119,-5.922218e-05,0.0005768589,-0.0015283548,-0.0015943996,-0.0022546407,-0.0006592255,0.0018033118,-0.0033552796,0.0032767062
Ind_4_serial,-0.0058970386,0.0022675279,-0.008369907,-0.0015921238,-0.0008416951,0.00388206,0.000198886,0.00012692288,0.0016430054,0.0030630028,0.0014186596,-0.00019729136,-9.879178e-05,0.004536845,-0.00070916297,0.001901226,-0.0006988856,0.0063785007,0.0030678276,0.0013007267,0.0013145766,0.0026189657,0.00021914962,0.0008231263,1.1301875e-05,0.0029377392,0.0020942395,0.0004712294,0.0012671689,0.0027567078,0.0006983493,-0.00039918954,0.0017499457,0.0023295677,0.0018560905,0.0023893607,-0.00453236,0.0029187037,-0.005304375,-0.0051388275,-0.0017962286,0.0014564579,-0.0027754323,-0.0020948022,-0.0003019286,-0.0029356764,0.002465987,0.0007881756,-0.0027174861,0.0038654923,-0.0034587025,-0.0020027212,-0.002991662,0.0060133305,0.00049862225,0.00299778,-0.00079917663,0.003083256,-0.0018858624,-0.001911534,-0.0025896784,-0.00052565266,-9.377918e-06,-0.0013596686,-0.0010950721,-0.0008604387,-0.0016146285,-0.002596742,-0.0016326655,0.0024487134,-0.0021730384,0.0028341122
En&Util_1_serial,0.005150676,-0.0026752157,0.0042428058,-0.0012416096,0.00011645391,-0.0012548579,-1.5290267e-05,0.00044668405,-0.0013529994,-0.00046276837,0.0006097312,-0.0013549606,0.0028908406,-0.0050859293,0.0019526561,-0.0019740178,0.0021772364,-0.005172348,-0.0013828283,-0.002594254,-0.0006017337,-0.0035748929,-0.0013761675,0.0006263803,-0.00031999563,-0.0031635184,-0.0002659806,-0.00065888755,-0.0024848876,0.0013623793,-0.0015943304,-0.0005767125,-0.0025894328,-0.0013710288,0.0006410797,-0.004663201,0.0028276648,-0.0017213235,0.0028024511,0.0019539865,0.0010515838,0.0013717928,0.0017379272,0.0022053088,0.00018302712,0.0040897448,-0.00047975947,-0.0023032576,0.0051183603,-0.0060830014,0.0039669843,0.0009689078,0.0048649744,-0.0058901133,-0.00063173624,-0.0032450692,0.00091679575,-0.0034289928,-5.526548e-05,0.0025755637,0.0013197494,-0.0012854469,0.0016626661,-0.0009686416,-0.0018788857,0.0047616255,0.0003845386,0.001157381,-0.00079075637,-0.0007414708,0.0034783992,-0.005475281
En&Util_2_serial,-0.0047192196,0.0020626474,-0.006900146,-0.0019704704,0.0001980203,0.0019121468,0.00078558066,0.00031922772,0.001131339,0.001915749,0.0009971365,1.2021581e-05,-0.0007051601,0.0039086305,-0.00083069265,0.0010148963,-0.00072036486,0.004202041,0.002275836,0.0009572306,0.0009946339,0.0029966538,-0.0004675076,0.0006303487,0.0005554052,0.0018680429,0.00082339835,-0.00010164105,0.0014319278,0.0012698737,0.00022203874,-0.00032320796,0.0008361167,0.0025360074,-0.00025916862,0.001909995,-0.0028075203,0.0029369697,-0.004074264,-0.003455915,-9.111572e-05,0.00064521475,-0.0011272704,-0.0016561655,-9.339036e-05,-0.00269929,0.000918299,0.0005434816,-0.0029725584,0.0038696772,-0.003576145,-0.001295792,-0.002216169,0.004259965,0.0008142265,0.0015573008,-0.00058095105,0.0035127567,-0.0015157172,-0.0018770098,-0.00070165895,0.00017194798,0.00044637977,-0.0003656624,0.000932432,-0.00084079156,-0.0021445835,-0.0017057529,-0.0015224294,0.0029714566,-0.0035102305,0.0024775693
En&Util_3_serial,0.0033863033,-0.0011571413,0.0018454248,-0.00071834825,-4.3029748e-05,-0.0011528305,-0.0005069454,0.0003414448,-0.0011151815,-0.00073885714,-0.0012163203,-0.0007731817,0.001344889,-0.0027823097,0.0007354981,-0.0019603455,0.0021781994,-0.0047146636,-0.0010979366,-0.0021520732,-0.00078589504,-0.0025077662,-0.0009340927,0.00039842312,0.00015181089,-0.002663754,-0.0006283448,-0.00088629476,-0.0011028181,-0.0002936853,-0.00079853664,0.00026240174,-0.002061635,-0.0006841662,-0.00087955303,-0.0031000923,0.0025979273,-0.0010263758,0.0018423873,0.0021764715,0.0011383848,0.0009075052,0.0013565347,0.0015639117,2.4164794e-05,0.0027781655,-0.0015138495,-0.0015280098,0.003098364,-0.003052315,0.0021790233,0.00037677123,0.0039484035,-0.0042421184,-0.00046098098,-0.002660199,0.0008653575,-0.0025571026,0.0004556133,0.0016879769,0.0015584611,-0.0008682793,0.0014690363,-0.0001736511,0.00092065317,0.0027245076,0.0012532537,0.0020365804,-0.0004942389,-8.1187805e-05,0.0014206067,-0.0043113567
En&Util_4_serial,0.0069171465,-0.0034468796,0.011206316,0.0021201828,0.00084207807,-0.003945668,-0.00054398825,-0.0002535413,-0.0014889757,-0.003931105,-0.0014982597,0.00035499115,0.00052704505,-0.005640781,0.0013740049,-0.0013902677,0.0007035395,-0.006731661,-0.0038483932,-0.0013181653,-0.001555246,-0.0035581207,0.00036214842,-0.0010377385,-0.00052938645,-0.0024057222,-0.002180822,-0.00010871892,-0.001738652,-0.0028465397,-0.0005661887,0.00052663084,-0.001255563,-0.0033884079,-0.00088127545,-0.002287027,0.00453573,-0.004521216,0.006637132,0.0056542065,0.0014889984,-0.001831166,0.002716014,0.002720307,0.00039839602,0.0032004614,-0.001809905,-0.00069770653,0.004123068,-0.0052545597,0.005372482,0.0026159931,0.0031032588,-0.0066333916,-0.0010713309,-0.0026345563,0.00071820547,-0.004759843,0.002177175,0.0025883676,0.0019189938,0.00088503974,-0.0013515715,0.0010832854,-0.0004736375,0.00019495362,0.0027988337,0.0027168365,0.0025070515,-0.0040433942,0.00398198,-0.0030698557
Materials_1_serial,-0.00033671674,0.0011936084,-0.00196518,-0.0025494986,0.00022629439,0.0009080745,0.0004758348,0.0006166199,0.00045929503,0.0010332353,0.0016237156,-0.0008329984,0.0013395302,-0.00010356941,0.000692047,3.6490525e-05,0.00037775442,0.0010846396,0.0009111402,-0.0006222303,0.00050589914,2.4909389e-06,-0.0012051379,0.00096555165,-2.0704905e-05,0.00023578564,0.0006349489,-0.00042035387,-0.00072713144,0.002369222,-0.0014450598,-0.001016247,-0.0003434432,0.0010665553,0.0008907718,-0.001148096,-0.0011761105,0.0014134118,-0.0012355748,-0.00074207346,-0.00028881666,0.0012914613,-0.00013109314,7.7831486e-05,0.00048534715,0.00030008855,0.0011138996,-0.0009029185,0.0004706405,-0.00022983097,-0.00032117844,-0.00018443592,0.00029100294,0.00040390098,0.00046959068,-0.0008705309,0.000134672,0.0004625644,-0.0014098674,0.0002626993,0.000115800045,-0.00019023777,0.00081155373,-0.0012263398,-0.0016367353,0.0017788223,-0.0029018607,-0.0019241197,-0.0014112812,0.0016884373,-0.00010600127,-0.00074578
Materials_2_serial,-0.0053290413,-0.00054298434,-0.004108079,-0.0019063345,0.0015737459,0.0009290067,0.0013415451,0.000495899,0.0013708546,-0.00028217418,0.0017496729,0.00066080614,-0.0018620952,0.0040074014,5.724947e-06,0.0021860176,-0.0021893035,0.005427038,0.0011718636,0.0020821195,0.0010197451,0.0040493486,-0.00015850506,9.959144e-05,-4.463254e-05,0.004126361,-0.0012979625,-0.00018065932,0.0027828186,-0.0012582957,0.0017018231,0.00010068285,0.0015932918,0.0024238343,-0.0011877196,0.003954007,-0.0031747157,0.0009359316,-0.003724676,-0.004863653,0.0015426144,-0.00088109204,-0.00013729044,-0.0011844338,-0.00015931902,-0.0054737516,0.0023548603,0.0005276992,-0.0032794587,0.0048666345,-0.00159076,-0.00035068372,-0.0034062446,0.006266784,0.00042125394,0.0016863479,-0.0010559658,0.0036799866,-0.0013533056,-0.0019627009,-0.0004085498,0.0033312931,-0.003113452,-2.2982425e-05,0.0018235713,-0.0037301953,-0.00047081985,-0.0010788802,-0.00018397259,0.0025285436,-0.0041804477,0.004574993
Materials_3_serial,-0.0068450617,0.0024886422,-0.010749033,-0.0049083806,-9.293265e-05,0.00398299,0.00022169646,0.0010134815,0.0018694823,0.0024312288,0.00055703934,-0.00057949603,0.0003291677,0.0050103585,-6.048456e-05,0.0015457987,0.0008887638,0.0057616523,0.0031152347,6.927368e-05,0.0010759381,0.0021657208,-0.00084758794,0.0017456388,0.00019491254,0.0036164783,0.0007816255,-0.00074730936,0.001978985,0.00217926,0.00065412815,9.833363e-05,0.0011663665,0.0035210114,0.00035976412,0.001996666,-0.0049908073,0.0033952037,-0.0066970815,-0.005712908,-0.00018723315,0.0023710383,-0.0017761815,-0.0012905024,-0.000119100456,-0.003446612,0.002246134,-0.00044450702,-0.0016220842,0.004878669,-0.002730081,-0.0021055457,-0.0010428658,0.0066869683,0.0005978089,0.0010563988,-0.000305328,0.0018159772,-0.0023753182,-0.0013076664,-0.0017283383,0.0014539183,-0.00092052965,-0.0018477408,0.0012097034,-0.0008076915,-0.0011824451,-0.0019055153,-0.0022997463,0.0042447294,-0.0036099385,0.0012319771
Materials_4_serial,-0.0007478225,0.00060081226,-0.0016939696,-0.0031989587,0.00025392682,0.0011750978,0.0010122345,0.0006116262,0.00046660544,0.001665593,0.002772791,-0.0009323189,0.0019308607,-0.000731797,0.0012322215,0.00054312544,0.00017162797,0.0022801082,0.001133242,-0.00042669367,0.00074409106,-0.0004006246,-0.0011554011,0.0010898071,-0.0003493736,0.00086099165,0.0006925818,-0.000112921734,-0.0010435433,0.0032297121,-0.0012580774,-0.0013059374,-0.00010975803,0.0007957137,0.00180829,-0.001168677,-0.0019781115,0.0016416779,-0.0017855153,-0.0019163413,-0.0004287388,0.0015452789,2.2890685e-05,1.3176081e-05,0.0004137986,0.00056337577,0.001759312,-0.0011259848,0.0010651442,-0.0011307194,0.00016235243,-7.4582924e-05,0.0003098188,0.0010341281,0.00068885426,-0.00095029944,0.0001687958,-8.164136e-05,-0.0015655108,0.0004323064,-0.00070616056,0.00065848057,0.00013748156,-0.00149592,-0.0027725594,0.0024532857,-0.0032776606,-0.002856169,-0.0013127584,0.0011915505,0.0005834854,-0.00038788616
Con Stpl_1_serial,0.0022396634,0.00043739297,0.003548326,0.004609573,-0.00074749463,-0.0011746655,-0.0014378688,-0.0006903846,-0.0006657585,-0.0017958565,-0.0016397575,0.00061719597,-0.002048304,2.129085e-05,-0.0012275988,-0.0005814817,-0.0012156549,-0.0015041122,-0.0013621956,0.00095405016,-0.00054945797,8.5139785e-05,0.0010919838,-0.0012971708,-0.00019682194,-0.0009897678,-0.00048714454,0.0001594613,0.0005743323,-0.0029940624,0.0007504064,0.0005843779,0.00022837454,-0.0011921211,-0.00087713683,0.0007888367,0.002052461,-0.0018995025,0.002463141,0.002894065,-0.0010332057,-0.0015554526,-0.000644685,-8.6111286e-05,-0.00010622005,-0.00048173018,-0.00056459015,0.000930212,-0.0020101669,0.0014231696,1.2129164e-05,0.000118792785,-0.0016344917,-0.0005150971,-0.0005394262,0.0005128405,-0.00010258413,0.00077230396,0.0015563716,-0.00019992272,0.0011339464,-0.0010504422,3.939976e-05,0.0010821859,0.0013739514,-0.0022173163,0.0015658516,0.0017154618,0.0015336133,-0.0013499338,0.00054239074,0.0010539816
Con Stpl_2_serial,-0.0020481043,0.00029569908,-0.0036256763,-0.0013548855,0.001334744,2.9561102e-06,0.00062903535,0.00073401094,0.0005296748,-0.0006846844,0.0008457834,-0.00014842818,-0.0013915093,0.0027445822,-0.0003089285,-1.36807585e-05,-0.0010733427,0.001289966,0.00068622467,0.0005643524,0.0006150371,0.0033529787,-0.0013679701,0.00033015304,0.000535972,0.0008490289,-0.0009913106,-0.0010933309,0.0018367164,-0.0012213517,1.1154492e-05,-0.00024924718,-0.00043093483,0.0026660012,-0.0023119443,0.0011404529,-0.00041114472,0.0008431722,-0.001927053,-0.0018635179,0.0017894503,-0.0002419581,0.00020826752,-0.0004591861,0.00013154074,-0.0035684262,0.0009971518,-0.00033572203,-0.0027209646,0.0037598375,-0.0017256156,-0.00041895607,-0.0014579096,0.0023878778,0.00020523861,-3.84093e-05,-0.00059871963,0.0042212806,-0.0014495475,-0.001301283,0.0020197774,0.0004065571,0.00024476615,-0.00012054281,0.0026233152,-0.0014317286,-0.0014431087,0.0002537035,-0.0014219112,0.0038595633,-0.0040708953,0.0014359034
Con Stpl_3_serial,0.00011628868,0.00068978383,6.267901e-05,0.00096163,-0.0012629358,0.0006196086,-0.00032315662,-0.00070953765,-0.00013418491,0.0016076649,-0.0009676866,0.00023152382,0.0008488714,-0.0006896727,-0.0005097701,3.148542e-05,0.00090321095,-0.00040936036,0.0003864105,-0.00028342838,-0.00025077612,-0.0015664408,0.0011252599,-0.0001640798,0.000119018645,-0.00086849625,0.0016612905,0.0010428467,-0.0011936328,0.00165221,-0.000102674814,0.00020454149,0.0004626115,-0.0013711978,0.0016655105,-0.00048484784,-0.00012598626,0.0006020198,0.00045236148,0.00082559884,-0.0015818385,0.0003742451,-0.00073017983,-0.00041936242,-0.00025222258,0.0025688135,-0.0013755034,0.0008689334,0.001117803,-0.0020537896,-0.00057069026,-0.00026676833,0.00065851846,-0.0014924452,7.224346e-05,0.0010916303,0.0002414388,-0.0019929528,0.00082667987,0.0001646793,-0.001954898,-0.0014426565,0.0010320449,0.00030017502,-0.0016663468,0.0011931059,0.00065748557,-0.00038900267,0.00045019528,-0.00227296,0.0019747445,-0.0006691586
Con Stpl_4_serial,0.00298769,0.00044767244,0.0034658818,0.0012564292,-0.00034266408,-0.00092898385,-0.00013106583,-0.00026606198,-0.00056326255,-3.998176e-05,0.00049627444,-0.00024646037,0.0006881379,-0.0022262062,0.00011331861,-0.00071095524,-0.00013329429,-0.0017606813,-0.00066815835,-0.00034797643,-0.00019312275,-0.0012590596,-8.173553e-05,-0.00025806777,-0.00011099723,-0.001714184,0.0005851291,0.00028611,-0.0015831299,0.0008615111,-0.0013235857,-0.0007129534,-0.0005377293,-0.0011746018,0.00086808036,-0.0016692248,0.0014289028,-0.00037520134,0.002312063,0.0026137738,-0.00094095716,-0.00013786572,0.00020329317,0.0003878528,0.00036482306,0.0022226523,-0.00048612372,-8.661782e-05,0.0007358993,-0.0022603571,0.00055276905,0.0006125436,0.00034713617,-0.002766707,9.2969334e-05,-0.00072593486,0.0002863017,-0.0006388661,0.0003903093,0.0007047159,0.00051131676,-0.0013826475,0.00136967,7.44051e-05,-0.0019745321,0.0015998497,-0.0015141732,-0.0006284637,0.00024408147,-0.0012305139,0.0020057303,-0.0009471054
